Title,Address,Price
La Quinta Inn & Suites Tupelo,"1013 North Gloster Street, Tupelo, MS 38804, United States of America",$184
Hampton Inn Edmond,"300 Meline Drive, Edmond, OK 73034, United States of America",$169
49'er Inn & Suites,"330 West Pearl Street              , Jackson, WY 83001, United States of America",$474
Anvil Hotel,"215 North Cache, Jackson, WY 83001, United States of America",$530
Dartmouth House,"215 Dartmouth St, Rochester, 14607, United States of America",$318
Bizzaro Apartment,"1219 Monroe Street Northeast #3, Minneapolis, MN 55413, United States of America",$135
Hilton Garden Inn Jackson Downtown,"235 West Capitol Street, Jackson, MS 39201, United States of America",
Residence Inn by Marriott Jackson The District at Eastover,"1248 Eastover Drive, Jackson, 39211, United States of America",$343
"My Place Hotel-Cheyenne, WY","1920 West Lincoln Way, Cheyenne, WY 82001, United States of America",
River Ranch Bed & Breakfast,"655 River Road, Hattiesburg, MS 39401, United States of America",
Edgewater Inn - Biloxi,"1936 Beach Boulevard, Biloxi, MS 39531, United States of America",$218
Best Western Edmond Inn & Suites,"2700 E 2nd St , Edmond, 73034-6711, United States of America",$158
Star Inn Biloxi,"1716 Beach Blvd, Biloxi, MS 39531, United States of America",$102
Chamberlin Inn,"1032 12th Street, Cody, WY 82414, United States of America",
Loft in the City Two Bedroom Apartment Unit 3,"1802 11th Ave. S, Minneapolis, 55404, United States of America",$465
Motel 6 Rochester Airport,"155 Buell Road, Rochester, NY 14624, United States of America",$100
Doubletree By Hilton Minneapolis -University Area,"511 Huron Blvd. SE   , Minneapolis, MN 55414, United States of America",$305
Quality Inn Rochester Airport,"1273 Chili Avenue, Rochester, NY 14624, United States of America",$119
Oak Shores Condo,"1664 Beach Boulevard, Biloxi, MS 39531, United States of America",$200
Sea Breeze 712 - Three Bedroom Apartment,"1899 Beach Boulevard, Biloxi, 39531, United States of America",$664
Hampton Inn & Suites Rochester/Henrietta,"280 Clay Road, Rochester, NY 14623, United States of America",$250
River Bend Cabins,"574 Stagecoach Trail, Cody, WY 82414, United States of America",
Regency Inn & Suites Biloxi,"11969 Bobby Eleutrius Boulevard  , Biloxi, MS 39540, United States of America",$142
Sea Breeze 312 - Three Bedroom Apartment,"1899 Beach Boulevard, Biloxi, 39531, United States of America",$664
Angels' Keep Bed & Breakfast,"1241 Wyoming Avenue, Cody, WY 82414, United States of America",
Eagle's Landing Cabin- EL 2,"The String, ID 83455, United States of America","$1,700"
Irma Hotel,"1192 Sheridan Avenue, Cody, WY 82414, United States of America",
Moose Cabin - WC 29,"The String, ID 83455, United States of America","$1,100"
Cushman Cabin- WC 33,"The String, ID 83455, United States of America","$1,700"
Luxury Georgian Four Bedroom Mansion,"2115 Pillsbury Ave. South, Minneapolis, 55404, United States of America","$1,941"
Downtown West 2307,"Downtown Minneapolis, Minneapolis, 55402, United States of America",$212
Loft in the City Two Bedroom Apartment Unit 4,"1802 11th Ave. S, Minneapolis, 55404, United States of America",$416
Northeast Urban Two Bedroom Apartment,"619 Jackson St. NE, Minneapolis, 53716, United States of America",$367
Nicollet Island Inn,"95 Merriam Street, Minneapolis, MN 55401, United States of America",$398
Oak Shores 77 - One Bedroom Apartment,"1664 Beach Boulevard, Biloxi, 39531, United States of America",
Ocean Club 301 - Two Bedroom Apartment,"2060 Beach Boulevard, Biloxi, 39531, United States of America",
Ocean Club 1508 - Two Bedroom Apartment,"2060 Beach Boulevard, Biloxi, 39531, United States of America",
Ocean Club 204-Deluxe - Two Bedroom Apartment,"2060 Beach Blvd, Biloxi, 39531, United States of America",
Oak Shores 90 - Two Bedroom Apartment,"1664 Beach Boulevard, Biloxi, 39531, United States of America",
Ocean Club 1006 - Two Bedroom Apartment,"2060 Beach Boulevard, Biloxi, 39531, United States of America",
Ocean Club 502 - Two Bedroom Apartment,"2060 Beach Blvd, Biloxi, 39531, United States of America",
Sea Breeze 704 Deluxe - Two Bedroom Apartment,"1899 Beach Boulevard, Biloxi, 39531, United States of America",
Sea Breeze 1002 Penthouse - Two Bedroom Apartment,"1899 Beach Boulevard, Biloxi, 39531, United States of America",
Millennium Minneapolis,"1313 Nicollet Mall, Downtown Minneapolis, Minneapolis, MN 55403, United States of America",
Stay Alfred on 2nd Street,"115 North 2nd Street, Minneapolis, MN 55401, United States of America",
"Renaissance Minneapolis Hotel, The Depot","225 South 3rd Avenue, Downtown Minneapolis, Minneapolis, MN 55401, United States of America",$798
Stay Alfred on Marquette Avenue,"400 South Marquette Avenue, Downtown Minneapolis, Minneapolis, MN 55401, United States of America",
Minneapolis International Hostel,"2400 stevens ave s, Minneapolis, MN 55404, United States of America",$140
