Australia,https://www.tripadvisor.com/Attractions-g255055-Activities-Australia.html
China,https://www.tripadvisor.com/Attractions-g294211-Activities-China.html
Japan,https://www.tripadvisor.com/Attractions-g294232-Activities-Japan.html
Thailand,https://www.tripadvisor.com/Attractions-g293915-Activities-Thailand.html
United States,https://www.tripadvisor.com/Attractions-g191-Activities-United_States.html
India,https://www.tripadvisor.com/Attractions-g293860-Activities-India.html
Malaysia,https://www.tripadvisor.com/Attractions-g293951-Activities-Malaysia.html
Korea, Republic of,https://www.tripadvisor.com/Attractions-g294196-Activities-South_Korea.html
Singapore,https://www.tripadvisor.com/Attractions-g294265-Activities-Singapore.html
Hong Kong,https://www.tripadvisor.com/Attractions-g294217-Activities-Hong_Kong.html
Taiwan,https://www.tripadvisor.com/Attractions-g293910-Activities-Taiwan.html
Philippines,https://www.tripadvisor.com/Attractions-g294245-Activities-Philippines.html
Vietnam,https://www.tripadvisor.com/Attractions-g293921-Activities-Vietnam.html
France,https://www.tripadvisor.com/Attractions-g187070-Activities-France.html
Germany,https://www.tripadvisor.com/Attractions-g187275-Activities-Germany.html
United Kingdom,https://www.tripadvisor.com/Attractions-g186216-Activities-United_Kingdom.html
Sweden,https://www.tripadvisor.com/Attractions-g189806-Activities-Sweden.html
Italy,https://www.tripadvisor.com/Attractions-g187768-Activities-Italy.html
Netherlands,https://www.tripadvisor.com/Attractions-g188553-Activities-The_Netherlands.html
Greece,https://www.tripadvisor.com/Attractions-g189398-Activities-Greece.html
Spain,https://www.tripadvisor.com/Attractions-g187427-Activities-Spain.html
Austria,https://www.tripadvisor.com/Attractions-g190410-Activities-Austria.html
Belgium,https://www.tripadvisor.com/Attractions-g188634-Activities-Belgium.html
United Arab Emirates,https://www.tripadvisor.com/Attractions-g294012-Activities-United_Arab_Emirates.html
Israel,https://www.tripadvisor.com/Attractions-g293977-Activities-Israel.html
Russian Federation,https://www.tripadvisor.com/Attractions-g294459-Activities-Russia.html
Denmark,https://www.tripadvisor.com/Attractions-g189512-Activities-Denmark.html
Kazakhstan,https://www.tripadvisor.com/Attractions-g293943-Activities-Kazakhstan.html
Portugal,https://www.tripadvisor.com/Attractions-g189100-Activities-Portugal.html
Saudi Arabia,https://www.tripadvisor.com/Attractions-g293991-Activities-Saudi_Arabia.html
Iran, Islamic Republic of,https://www.tripadvisor.com/Attractions-g293998-Activities-Iran.html
Norway,https://www.tripadvisor.com/Attractions-g190455-Activities-Norway.html
Canada,https://www.tripadvisor.com/Attractions-g153339-Activities-Canada.html
Mexico,https://www.tripadvisor.com/Attractions-g150768-Activities-Mexico.html
Syrian Arab Republic,https://www.tripadvisor.com/Attractions-g294010-Activities-Syria.html
Ukraine,https://www.tripadvisor.com/Attractions-g294473-Activities-Ukraine.html
Kuwait,https://www.tripadvisor.com/Attractions-g294002-Activities-Kuwait.html
Bahrain,https://www.tripadvisor.com/Attractions-g293996-Activities-Bahrain.html
Lebanon,https://www.tripadvisor.com/Attractions-g294004-Activities-Lebanon.html
Qatar,https://www.tripadvisor.com/Attractions-g294008-Activities-Qatar.html
Oman,https://www.tripadvisor.com/Attractions-g294006-Activities-Oman.html
Jordan,https://www.tripadvisor.com/Attractions-g293985-Activities-Jordan.html
Czech Republic,https://www.tripadvisor.com/Attractions-g274684-Activities-Czech_Republic.html
Switzerland,https://www.tripadvisor.com/Attractions-g188045-Activities-Switzerland.html
Iraq,https://www.tripadvisor.com/Attractions-g294000-Activities-Iraq.html
Turkey,https://www.tripadvisor.com/Attractions-g293969-Activities-Turkey.html
Romania,https://www.tripadvisor.com/Attractions-g294457-Activities-Romania.html
Panama,https://www.tripadvisor.com/Attractions-g294479-Activities-Panama.html
Brazil,https://www.tripadvisor.com/Attractions-g294280-Activities-Brazil.html
Chile,https://www.tripadvisor.com/Attractions-g294291-Activities-Chile.html
Argentina,https://www.tripadvisor.com/Attractions-g294266-Activities-Argentina.html
Colombia,https://www.tripadvisor.com/Attractions-g294073-Activities-Colombia.html
Poland,https://www.tripadvisor.com/Attractions-g274723-Activities-Poland.html
Finland,https://www.tripadvisor.com/Attractions-g189896-Activities-Finland.html
Georgia,https://www.tripadvisor.com/Attractions-g294194-Activities-Georgia.html
Azerbaijan,https://www.tripadvisor.com/Attractions-g293933-Activities-Azerbaijan.html
Palestinian Territory,https://www.tripadvisor.com/Attractions-g660378-Activities-Palestinian_Territories.html
Lithuania,https://www.tripadvisor.com/Attractions-g274947-Activities-Lithuania.html
Slovakia,https://www.tripadvisor.com/Attractions-g274922-Activities-Slovakia.html
Serbia,https://www.tripadvisor.com/Attractions-g294471-Activities-Serbia.html
Hungary,https://www.tripadvisor.com/Attractions-g274881-Activities-Hungary.html
Luxembourg,https://www.tripadvisor.com/Attractions-g190340-Activities-Luxembourg.html
Iceland,https://www.tripadvisor.com/Attractions-g189952-Activities-Iceland.html
Bulgaria,https://www.tripadvisor.com/Attractions-g294451-Activities-Bulgaria.html
Slovenia,https://www.tripadvisor.com/Attractions-g274862-Activities-Slovenia.html
Moldova, Republic of,https://www.tripadvisor.com/Attractions-g294455-Activities-Moldova.html
Macedonia,https://www.tripadvisor.com/Attractions-g295109-Activities-Republic_of_Macedonia.html
Ireland,https://www.tripadvisor.com/Attractions-g186591-Activities-Ireland.html
Liechtenstein,https://www.tripadvisor.com/Attractions-g190357-Activities-Liechtenstein.html
Jersey,https://www.tripadvisor.com/Attractions-g186230-Activities-Jersey_Channel_Islands.html
Croatia,https://www.tripadvisor.com/Attractions-g294453-Activities-Croatia.html
Pakistan,https://www.tripadvisor.com/Attractions-g293959-Activities-Pakistan.html
Bosnia and Herzegovina,https://www.tripadvisor.com/Attractions-g294449-Activities-Bosnia_and_Herzegovina.html
Paraguay,https://www.tripadvisor.com/Attractions-g294079-Activities-Paraguay.html
Estonia,https://www.tripadvisor.com/Attractions-g274952-Activities-Estonia.html
Latvia,https://www.tripadvisor.com/Attractions-g274960-Activities-Latvia.html
Kyrgyzstan,https://www.tripadvisor.com/Attractions-g293947-Activities-Kyrgyzstan.html
Reunion,https://www.tripadvisor.com/Attractions-g293826-Activities-Reunion_Island.html
Tajikistan,https://www.tripadvisor.com/Attractions-g293963-Activities-Tajikistan.html
Indonesia,https://www.tripadvisor.com/Attractions-g294225-Activities-Indonesia.html
American Samoa,https://www.tripadvisor.com/Attractions-g60665-Activities-American_Samoa.html
Anguilla,https://www.tripadvisor.com/Attractions-g147238-Activities-Anguilla.html
Antigua and Barbuda,https://www.tripadvisor.com/Attractions-g150894-Activities-Antigua_and_Barbuda.html
Aruba,https://www.tripadvisor.com/Attractions-g147247-Activities-Aruba.html
Bahamas,https://www.tripadvisor.com/Attractions-g147414-Activities-Bahamas.html
Barbados,https://www.tripadvisor.com/Attractions-g147262-Activities-Barbados.html
Belize,https://www.tripadvisor.com/Attractions-g291959-Activities-Belize.html
Bermuda,https://www.tripadvisor.com/Attractions-g147255-Activities-Bermuda.html
Bolivia,https://www.tripadvisor.com/Attractions-g294071-Activities-Bolivia.html
Virgin Islands, British,https://www.tripadvisor.com/Attractions-g147353-Activities-British_Virgin_Islands.html
Cayman Islands,https://www.tripadvisor.com/Attractions-g147364-Activities-Cayman_Islands.html
Cook Islands,https://www.tripadvisor.com/Attractions-g294328-Activities-Cook_Islands.html
Costa Rica,https://www.tripadvisor.com/Attractions-g291982-Activities-Costa_Rica.html
Cuba,https://www.tripadvisor.com/Attractions-g147270-Activities-Cuba.html
Dominica,https://www.tripadvisor.com/Attractions-g147281-Activities-Dominica.html
Dominican Republic,https://www.tripadvisor.com/Attractions-g147288-Activities-Dominican_Republic.html
Ecuador,https://www.tripadvisor.com/Attractions-g294307-Activities-Ecuador.html
El Salvador,https://www.tripadvisor.com/Attractions-g294475-Activities-El_Salvador.html
Falkland Islands (Malvinas),https://www.tripadvisor.com/Attractions-g294270-Activities-Falkland_Islands.html
Fiji,https://www.tripadvisor.com/Attractions-g294331-Activities-Fiji.html
Grenada,https://www.tripadvisor.com/Attractions-g147295-Activities-Grenada.html
Guadeloupe,https://www.tripadvisor.com/Attractions-g147300-Activities-Guadeloupe.html
Guam,https://www.tripadvisor.com/Attractions-g60668-Activities-Guam.html
Guatemala,https://www.tripadvisor.com/Attractions-g292002-Activities-Guatemala.html
Guyana,https://www.tripadvisor.com/Attractions-g294077-Activities-Guyana.html
Haiti,https://www.tripadvisor.com/Attractions-g147306-Activities-Haiti.html
Honduras,https://www.tripadvisor.com/Attractions-g292016-Activities-Honduras.html
Jamaica,https://www.tripadvisor.com/Attractions-g147309-Activities-Jamaica.html
Kiribati,https://www.tripadvisor.com/Attractions-g294121-Activities-Republic_of_Kiribati.html
Montserrat,https://www.tripadvisor.com/Attractions-g147333-Activities-Montserrat.html
Nauru,https://www.tripadvisor.com/Attractions-g294127-Activities-Nauru.html
New Caledonia,https://www.tripadvisor.com/Attractions-g294129-Activities-New_Caledonia.html
Nicaragua,https://www.tripadvisor.com/Attractions-g294477-Activities-Nicaragua.html
Niue,https://www.tripadvisor.com/Attractions-g294131-Activities-Niue.html
Norfolk Island,https://www.tripadvisor.com/Attractions-g295119-Activities-Norfolk_Island.html
Korea, Democratic People's Republic of,https://www.tripadvisor.com/Attractions-g294443-Activities-North_Korea.html
Palau,https://www.tripadvisor.com/Attractions-g294135-Activities-Palau.html
Papua New Guinea,https://www.tripadvisor.com/Attractions-g294115-Activities-Papua_New_Guinea.html
Peru,https://www.tripadvisor.com/Attractions-g294311-Activities-Peru.html
Pitcairn Islands,https://www.tripadvisor.com/Attractions-g673774-Activities-Pitcairn_Islands.html
Puerto Rico,https://www.tripadvisor.com/Attractions-g147319-Activities-Puerto_Rico.html
Saint Kitts and Nevis,https://www.tripadvisor.com/Attractions-g147373-Activities-St_Kitts_and_Nevis.html
Saint Lucia,https://www.tripadvisor.com/Attractions-g147342-Activities-St_Lucia.html
Saint Vincent and the Grenadines,https://www.tripadvisor.com/Attractions-g147379-Activities-St_Vincent_and_the_Grenadines.html
Samoa,https://www.tripadvisor.com/Attractions-g294137-Activities-Samoa.html
Solomon Islands,https://www.tripadvisor.com/Attractions-g294139-Activities-Solomon_Islands.html
Suriname,https://www.tripadvisor.com/Attractions-g294081-Activities-Suriname.html
Swaziland,https://www.tripadvisor.com/Attractions-g293836-Activities-Eswatini_Swaziland.html
Trinidad and Tobago,https://www.tripadvisor.com/Attractions-g147387-Activities-Trinidad_and_Tobago.html
Turks and Caicos Islands,https://www.tripadvisor.com/Attractions-g147395-Activities-Turks_and_Caicos.html
Tuvalu,https://www.tripadvisor.com/Attractions-g294481-Activities-Tuvalu.html
Uruguay,https://www.tripadvisor.com/Attractions-g294064-Activities-Uruguay.html
Vanuatu,https://www.tripadvisor.com/Attractions-g294143-Activities-Vanuatu.html
Venezuela,https://www.tripadvisor.com/Attractions-g294324-Activities-Venezuela.html
Saint Pierre and Miquelon,https://www.tripadvisor.com/Attractions-g183815-Activities-Saint_Pierre_and_Miquelon.html
Andorra,https://www.tripadvisor.com/Attractions-g190391-Activities-Andorra.html
Angola,https://www.tripadvisor.com/Attractions-g293762-Activities-Angola.html
Armenia,https://www.tripadvisor.com/Attractions-g293931-Activities-Armenia.html
Bangladesh,https://www.tripadvisor.com/Attractions-g293935-Activities-Bangladesh.html
Belarus,https://www.tripadvisor.com/Attractions-g294447-Activities-Belarus.html
Benin,https://www.tripadvisor.com/Attractions-g293764-Activities-Benin.html
Bhutan,https://www.tripadvisor.com/Attractions-g293844-Activities-Bhutan.html
Botswana,https://www.tripadvisor.com/Attractions-g293766-Activities-Botswana.html
Brunei Darussalam,https://www.tripadvisor.com/Attractions-g293937-Activities-Brunei_Darussalam.html
Burkina Faso,https://www.tripadvisor.com/Attractions-g293768-Activities-Burkina_Faso.html
Burundi,https://www.tripadvisor.com/Attractions-g293770-Activities-Burundi.html
Cambodia,https://www.tripadvisor.com/Attractions-g293939-Activities-Cambodia.html
Cameroon,https://www.tripadvisor.com/Attractions-g293772-Activities-Cameroon.html
Cape Verde,https://www.tripadvisor.com/Attractions-g293774-Activities-Cape_Verde.html
Central African Republic,https://www.tripadvisor.com/Attractions-g293776-Activities-Central_African_Republic.html
Chad,https://www.tripadvisor.com/Attractions-g293778-Activities-Chad.html
Christmas Island,https://www.tripadvisor.com/Attractions-g295107-Activities-Christmas_Island.html
Cocos (Keeling) Islands,https://www.tripadvisor.com/Attractions-g295113-Activities-Cocos_Keeling_Islands.html
Comoros,https://www.tripadvisor.com/Attractions-g294435-Activities-Comoros.html
Congo, The Democratic Republic of the,https://www.tripadvisor.com/Attractions-g294186-Activities-Democratic_Republic_of_the_Congo.html
Cote D'Ivoire,https://www.tripadvisor.com/Attractions-g294192-Activities-Ivory_Coast.html
Cyprus,https://www.tripadvisor.com/Attractions-g190372-Activities-Cyprus.html
Egypt,https://www.tripadvisor.com/Attractions-g294200-Activities-Egypt.html
Equatorial Guinea,https://www.tripadvisor.com/Attractions-g294437-Activities-Equatorial_Guinea.html
Eritrea,https://www.tripadvisor.com/Attractions-g293788-Activities-Eritrea.html
Ethiopia,https://www.tripadvisor.com/Attractions-g293790-Activities-Ethiopia.html
Faroe Islands,https://www.tripadvisor.com/Attractions-g190329-Activities-Faroe_Islands.html
Gabon,https://www.tripadvisor.com/Attractions-g293792-Activities-Gabon.html
Gambia,https://www.tripadvisor.com/Attractions-g293794-Activities-Gambia.html
Ghana,https://www.tripadvisor.com/Attractions-g293796-Activities-Ghana.html
Gibraltar,https://www.tripadvisor.com/Attractions-g187510-Activities-Gibraltar.html
Greenland,https://www.tripadvisor.com/Attractions-g295111-Activities-Greenland.html
Guinea-Bissau,https://www.tripadvisor.com/Attractions-g293800-Activities-Guinea_Bissau.html
Guinea,https://www.tripadvisor.com/Attractions-g293798-Activities-Guinea.html
Kenya,https://www.tripadvisor.com/Attractions-g294206-Activities-Kenya.html
Lao People's Democratic Republic,https://www.tripadvisor.com/Attractions-g293949-Activities-Laos.html
Lesotho,https://www.tripadvisor.com/Attractions-g293802-Activities-Lesotho.html
Liberia,https://www.tripadvisor.com/Attractions-g293804-Activities-Liberia.html
Libya,https://www.tripadvisor.com/Attractions-g293806-Activities-Libya.html
Macau,https://www.tripadvisor.com/Attractions-g664891-Activities-Macau.html
Madagascar,https://www.tripadvisor.com/Attractions-g293808-Activities-Madagascar.html
Malawi,https://www.tripadvisor.com/Attractions-g293810-Activities-Malawi.html
Maldives,https://www.tripadvisor.com/Attractions-g293953-Activities-Maldives.html
Mali,https://www.tripadvisor.com/Attractions-g293812-Activities-Mali.html
Mongolia,https://www.tripadvisor.com/Attractions-g293955-Activities-Mongolia.html
Malta,https://www.tripadvisor.com/Attractions-g190320-Activities-Island_of_Malta.html
Mauritania,https://www.tripadvisor.com/Attractions-g293814-Activities-Mauritania.html
Mauritius,https://www.tripadvisor.com/Attractions-g293816-Activities-Mauritius.html
Monaco,https://www.tripadvisor.com/Attractions-g190405-Activities-Monaco.html
Montenegro,https://www.tripadvisor.com/Attractions-g635648-Activities-Montenegro.html
Morocco,https://www.tripadvisor.com/Attractions-g293730-Activities-Morocco.html
Mozambique,https://www.tripadvisor.com/Attractions-g293818-Activities-Mozambique.html
Myanmar,https://www.tripadvisor.com/Attractions-g294190-Activities-Myanmar.html
Namibia,https://www.tripadvisor.com/Attractions-g293820-Activities-Namibia.html
Nepal,https://www.tripadvisor.com/Attractions-g293889-Activities-Nepal.html
Niger,https://www.tripadvisor.com/Attractions-g293822-Activities-Niger.html
Nigeria,https://www.tripadvisor.com/Attractions-g293824-Activities-Nigeria.html
Djibouti,https://www.tripadvisor.com/Attractions-g293787-Activities-Djibouti.html
Congo,https://www.tripadvisor.com/Attractions-g294186-Activities-Democratic_Republic_of_the_Congo.html
Rwanda,https://www.tripadvisor.com/Attractions-g293828-Activities-Rwanda.html
Saint Helena,https://www.tripadvisor.com/Attractions-g33000-Activities-St_Helena_Napa_Valley_California.html
San Marino,https://www.tripadvisor.com/Attractions-g187809-Activities-City_of_San_Marino.html
Sao Tome and Principe,https://www.tripadvisor.com/Attractions-g294441-Activities-Sao_Tome_and_Principe.html
Senegal,https://www.tripadvisor.com/Attractions-g293830-Activities-Senegal.html
Sierra Leone,https://www.tripadvisor.com/Attractions-g293832-Activities-Sierra_Leone.html
Somalia,https://www.tripadvisor.com/Attractions-g294439-Activities-Somalia.html
Sri Lanka,https://www.tripadvisor.com/Attractions-g293961-Activities-Sri_Lanka.html
Sudan,https://www.tripadvisor.com/Attractions-g293834-Activities-Sudan.html
Svalbard and Jan Mayen,https://www.tripadvisor.com/Attractions-g1850806-Activities-Jan_Mayen_Island.html
Tanzania, United Republic of,https://www.tripadvisor.com/Attractions-g293747-Activities-Tanzania.html
Togo,https://www.tripadvisor.com/Attractions-g293838-Activities-Togo.html
Tunisia,https://www.tripadvisor.com/Attractions-g293753-Activities-Tunisia.html
Turkmenistan,https://www.tripadvisor.com/Attractions-g293965-Activities-Turkmenistan.html
Uganda,https://www.tripadvisor.com/Attractions-g293840-Activities-Uganda.html
Uzbekistan,https://www.tripadvisor.com/Attractions-g293967-Activities-Uzbekistan.html
Holy See (Vatican City State),https://www.tripadvisor.com/Attractions-g187793-Activities-Vatican_City_Lazio.html
Yemen,https://www.tripadvisor.com/Attractions-g294014-Activities-Yemen.html
Zambia,https://www.tripadvisor.com/Attractions-g293842-Activities-Zambia.html
Zimbabwe,https://www.tripadvisor.com/Attractions-g293759-Activities-Zimbabwe.html
Afghanistan,https://www.tripadvisor.com/Attractions-g659499-Activities-Afghanistan.html
Albania,https://www.tripadvisor.com/Attractions-g294445-Activities-Albania.html
Algeria,https://www.tripadvisor.com/Attractions-g293717-Activities-Algeria.html
Aland Islands,https://www.tripadvisor.com/Attractions-g189898-Activities-Aland_Island_Aland.html
Isle of Man,https://www.tripadvisor.com/Attractions-g190927-Activities-Isle_of_Man.html
Guernsey,https://www.tripadvisor.com/Attractions-g186229-Activities-Guernsey_Channel_Islands.html
Martinique,https://www.tripadvisor.com/Attractions-g147327-Activities-Martinique.html
Satellite Provider,N/A
South Africa,https://www.tripadvisor.com/Attractions-g293740-Activities-South_Africa.html
Northern Mariana Islands,https://www.tripadvisor.com/Attractions-g60670-Activities-Northern_Mariana_Islands.html
Virgin Islands, U.S.,https://www.tripadvisor.com/Attractions-g147400-Activities-U_S_Virgin_Islands.html
United States Minor Outlying Islands,N/A
New Zealand,https://www.tripadvisor.com/Attractions-g255104-Activities-New_Zealand.html
Asia/Pacific Region,N/A
Tokelau,https://www.tripadvisor.com/Attractions-g295114-Activities-Tokelau.html
Wallis and Futuna,https://www.tripadvisor.com/Attractions-g1746897-Activities-Wallis_and_Futuna.html
Anonymous Proxy,N/A
Bouvet Island,N/A
Antarctica,https://www.tripadvisor.com/Attractions-g12-Activities-Antarctica.html
Seychelles,https://www.tripadvisor.com/Attractions-g293738-Activities-Seychelles.html
Saint Martin,https://www.tripadvisor.com/Attractions-g147346-Activities-St_Martin_St_Maarten.html
South Sudan,https://www.tripadvisor.com/Attractions-g2201790-Activities-South_Sudan.html
Mayotte,https://www.tripadvisor.com/Attractions-g295116-Activities-Mayotte.html
Micronesia, Federated States of,https://www.tripadvisor.com/Attractions-g294198-Activities-Federated_States_of_Micronesia.html
French Polynesia,https://www.tripadvisor.com/Attractions-g294338-Activities-French_Polynesia.html
Timor-Leste,https://www.tripadvisor.com/Attractions-g295117-Activities-East_Timor.html
Tonga,https://www.tripadvisor.com/Attractions-g294141-Activities-Tonga.html
French Southern Territories,N/A
Curacao,https://www.tripadvisor.com/Attractions-g147277-Activities-Curacao.html
Marshall Islands,https://www.tripadvisor.com/Attractions-g301392-Activities-Marshall_Islands.html
Heard Island and McDonald Islands,N/A
South Georgia and the South Sandwich Islands,https://www.tripadvisor.com/Attractions-g1593026-Activities-South_Georgia.html
Sint Maarten (Dutch part),https://www.tripadvisor.com/Attractions-g147346-Activities-St_Martin_St_Maarten.html
Saint Barthelemy,https://www.tripadvisor.com/Attractions-g147338-Activities-St_Barthelemy.html
Bonaire, Saint Eustatius and Saba,https://www.tripadvisor.com/Attractions-g147267-Activities-Bonaire.html
French Guiana,https://www.tripadvisor.com/Attractions-g294075-Activities-French_Guiana.html
Western Sahara,https://www.tripadvisor.com/Attractions-g295118-Activities-Western_Sahara.html
British Indian Ocean Territory,https://www.tripadvisor.com/Attractions-g670819-Activities-Indian_Ocean.html
